<?xml version="1.0" encoding="UTF-8"?>
<classpath>
	<classpathentry kind="src" path="src"/>
	<classpathentry kind="src" path="resource"/>
	<classpathentry kind="con" path="org.eclipse.jst.j2ee.internal.web.container"/>
	<classpathentry kind="con" path="org.eclipse.jst.j2ee.internal.module.container"/>
	<classpathentry kind="con" path="org.eclipse.jdt.USER_LIBRARY/all jars"/>
	<classpathentry kind="con" path="org.eclipse.jst.server.core.container/org.jboss.ide.eclipse.as.core.server.runtime.runtimeTarget/WildFly 9.x Runtime"/>
	<classpathentry kind="con" path="org.eclipse.jdt.launching.JRE_CONTAINER"/>
	<classpathentry kind="output" path="build/classes"/>
</classpath>
