<?xml version="1.0" encoding="UTF-8"?>
<beans xmlns="http://www.springframework.org/schema/beans"
	xmlns:xsi="http://www.w3.org/2001/XMLSchema-instance" 
	xmlns:aop="http://www.springframework.org/schema/aop"
	xsi:schemaLocation="http://www.springframework.org/schema/beans 
	http://www.springframework.org/schema/beans/spring-beans-4.0.xsd">

<bean id="emp" class="com.cg.assignment.one.bean.Employee">
<property name="employeeId" value="101"/>
<property name="employeeName" value="Tanmay"/>
<property name="salary" value="10000.0"/>
</bean>

<bean id="emp1" class="com.cg.assignment.one.bean.Employee">
<property name="employeeId" value="102"/>
<property name="employeeName" value="Deep"/>
<property name="salary" value="20000.0"/>
</bean>

<bean id="emp2" class="com.cg.assignment.one.bean.Employee">
<property name="employeeId" value="103"/>
<property name="employeeName" value="Saloni"/>
<property name="salary" value="30000.0"/>
</bean>


<bean id="sbu" class="com.cg.assignment.one.bean.SBU">
<property name="sbuId" value="1001"/>
<property name="sbuName" value="Product Engineering Services"/>
<property name="sbuHead" value="Kiran Rao"/>
<property name="empList">
<list>
<ref bean="emp"/>
<ref bean="emp1"/>
<ref bean="emp2"/>
</list>
</property>


</bean>


	</beans>