<?xml version="1.0" encoding="UTF-8"?>
<beans xmlns="http://www.springframework.org/schema/beans"
	xmlns:xsi="http://www.w3.org/2001/XMLSchema-instance" 
	xmlns:aop="http://www.springframework.org/schema/aop"
	xsi:schemaLocation="http://www.springframework.org/schema/beans 
	http://www.springframework.org/schema/beans/spring-beans-4.0.xsd">

<bean id="emp" class="com.cg.assignment.one.bean.Employee">
<property name="employeeId" value="12345"/>
<property name="employeeName" value="Harriet"/>
<property name="salary" value="40000.0"/>
<property name="businessunit" value="PES-BU"/>
<property name="age" value="30"/>
<property name="sbu" ref="sbu"/>



</bean>

<bean id="sbu" class="com.cg.assignment.one.bean.SBU">
<property name="sbuId" value="101"/>
<property name="sbuName" value="Product Engineering Services"/>
<property name="sbuHead" value="Kiran Rao"/>



</bean>


	</beans>